Gene_set,Term,Overlap,P-value,Adjusted P-value,Old P-value,Old Adjusted P-value,Odds Ratio,Combined Score,Genes
GO_Molecular_Function_2023,Procollagen-Proline Dioxygenase Activity (GO:0019798),4/7,1.2623490765781256e-05,0.0040337119790736,0,0,52.51986531986532,592.4215143331189,P4HA1;P3H2;P3H3;P4HB
GO_Molecular_Function_2023,Calcium Ion Binding (GO:0005509),23/346,2.174507805430539e-05,0.0040337119790736,0,0,2.868941384603377,30.801307936028323,SPARC;ANXA1;ANXA2;TPM4;C1R;THBS1;MYL12A;ASPN;HSP90B1;CDH6;CDH2;ASPH;CANX;CDH11;CALU;ANXA6;ENPP1;CALR;ANXA2P2;MCTP2;MYL9;PAM;DDR2
GO_Molecular_Function_2023,Metal Ion Binding (GO:0046872),28/521,0.00012967205926680116,0.0149893542614001,0,0,2.292063410033462,20.515117942416925,TOP2A;SPARC;C1R;ATP10D;THBS1;MYL12A;HSP90B1;CDH6;CDH2;ANXA6;MAP3K20;ENPP1;POSTN;ANXA1;ANXA2;TPM4;ASPN;ASPH;MTHFD2;CANX;CDH11;CALU;ANXA2P2;CALR;MCTP2;MYL9;PAM;DDR2
GO_Molecular_Function_2023,Platelet-Derived Growth Factor Receptor Binding (GO:0005161),4/12,0.00016161028853261603,0.0149893542614001,0,0,19.68989898989899,171.89917304240626,PDGFRB;PDGFRA;PDGFC;VEGFA
GO_Molecular_Function_2023,Metallopeptidase Activity (GO:0008237),11/124,0.00027969829284598817,0.0203744792948367,0,0,3.8674742492383576,31.64289718199357,ADAM19;ADAMTS15;ADAMTS5;DEPDC1B;BMP1;ERAP2;ANPEP;PAPPA;ADAM12;ADAMTS6;ADAMTS7
GO_Molecular_Function_2023,Serine-Type Endopeptidase Inhibitor Activity (GO:0004867),7/53,0.000329506403690082,0.0203744792948367,0,0,6.017364793213149,48.24671804983222,ANXA2;APLP2;SERPINE1;TFPI2;SERPINH1;SERPINB7;TFPI
GO_Molecular_Function_2023,Cadherin Binding (GO:0045296),19/319,0.0004481064708007474,0.0230985858462312,0,0,2.5334652777777777,19.534232584188384,ANXA1;NIBAN2;ANXA2;STAT1;PARVA;CIP2A;CDH6;CNN2;BAIAP2L1;PKM;CDH2;CALD1;CDH11;PFN1;TLN1;CLIC1;PHLDB2;VCL;PLEC
GO_Molecular_Function_2023,Endopeptidase Inhibitor Activity (GO:0004866),10/112,0.0004980827136653643,0.0230985858462312,0,0,3.889289867276154,29.57705534994441,ANXA2;APLP2;SERPINE1;TFPI2;SERPINH1;TIMP2;TIMP1;SERPINB7;TFPI;THBS1
GO_Molecular_Function_2023,Cyclic-Nucleotide Phosphodiesterase Activity (GO:0004112),3/8,0.0007873424749607618,0.0324560064678269,0,0,23.58387096774193,168.55032311237474,CNP;PDE3A;PDE5A
GO_Molecular_Function_2023,Phospholipase Inhibitor Activity (GO:0004859),3/9,0.0011591820711445,0.0390317399778575,0,0,19.652217741935484,132.849790476898,ANXA1;ANXA2;ANXA2P2
GO_Molecular_Function_2023,Protease Binding (GO:0002020),10/125,0.0011721356474759,0.0390317399778575,0,0,3.447319285142705,23.265709146363506,CCBE1;ANXA2;CD70;SERPINE1;TIMP2;FAM20C;ANXA2P2;TIMP1;BRCA2;THBS1
GO_Molecular_Function_2023,DNA Secondary Structure Binding (GO:0000217),5/33,0.001262482155618,0.0390317399778575,0,0,7.039112203585888,46.98378998579136,RAD51AP1;NEIL3;XRCC2;HMGA2;CLSPN
GO_Molecular_Function_2023,N6-methyladenosine-containing RNA Binding (GO:1990247),3/10,0.0016254007191755,0.0439278319304729,0,0,16.84389400921659,108.17150243927097,IGF2BP1;IGF2BP3;IGF2BP2
GO_Molecular_Function_2023,Chemoattractant Activity (GO:0042056),5/35,0.0016576540351121,0.0439278319304729,0,0,6.569163292847503,42.05809514210843,BMP4;GPNMB;NTF3;VEGFC;VEGFA
GO_Molecular_Function_2023,Receptor Ligand Activity (GO:0048018),17/319,0.0028693112364725,0.0709676312487538,0,0,2.242195872605864,13.125104457006572,TGFB2;JAG1;TSLP;SEMA3C;CD70;BDNF;WNT5A;VEGFC;GDF6;GDF5;VEGFA;NTF4;BMP4;GPNMB;CLCF1;NTF3;TIMP1
GO_Molecular_Function_2023,DNA Replication Origin Binding (GO:0003688),3/13,0.0036637622062635,0.082566910355283,0,0,11.78891129032258,66.12712435675776,ORC1;MCM10;CDC6
GO_Molecular_Function_2023,Metalloendopeptidase Activity (GO:0004222),8/101,0.0037833894232879,0.082566910355283,0,0,3.4002146157720694,18.963455935333464,ADAM19;ADAMTS15;ADAMTS5;BMP1;PAPPA;ADAM12;ADAMTS6;ADAMTS7
GO_Molecular_Function_2023,Cell-Cell Adhesion Mediator Activity (GO:0098632),5/43,0.0041758589919442,0.0860690936672952,0,0,5.184050713829107,28.40048588469957,BAIAP2L1;ANXA2;PALLD;NEXN;MYPN
GO_Molecular_Function_2023,Muscle Alpha-Actinin Binding (GO:0051371),3/14,0.0045773141564677,0.0893780816868171,0,0,10.716642228739005,57.72672457599933,PALLD;SYNPO2;MYPN
GO_Molecular_Function_2023,Cell Adhesion Mediator Activity (GO:0098631),4/28,0.0048743003286764,0.0904182710969485,0,0,6.557912457912458,34.91287470682358,VCAM1;PALLD;NEXN;MYPN
GO_Molecular_Function_2023,Growth Factor Activity (GO:0008083),7/85,0.0053384109166329,0.0943119261938486,0,0,3.542865332499479,18.53920226012418,NTF4;JAG1;BDNF;CLCF1;NTF3;VEGFC;VEGFA
GO_Molecular_Function_2023,"Oxidoreductase Activity, Acting On A Sulfur Group Of Donors, Oxygen As Acceptor (GO:0016670)",2/6,0.0087185775278555,0.1347746776180997,0,0,19.614688128772634,93.0187194664492,P4HB;PCYOX1
GO_Molecular_Function_2023,Patched Binding (GO:0005113),2/6,0.0087185775278555,0.1347746776180997,0,0,19.614688128772634,93.0187194664492,CCNB1;CAV1
GO_Molecular_Function_2023,Aminophospholipid Flippase Activity (GO:0015247),2/6,0.0087185775278555,0.1347746776180997,0,0,19.614688128772634,93.0187194664492,ATP8B1;ATP11C
GO_Molecular_Function_2023,"3',5'-cyclic-GMP Phosphodiesterase Activity (GO:0047555)",2/7,0.0120054733560536,0.1649640968554044,0,0,15.690945674044263,69.39152235250067,PDE3A;PDE5A
GO_Molecular_Function_2023,Natural Killer Cell Lectin-Like Receptor Binding (GO:0046703),2/7,0.0120054733560536,0.1649640968554044,0,0,15.690945674044263,69.39152235250067,RAET1G;MICA
GO_Molecular_Function_2023,Peptidyl-Proline 4-Dioxygenase Activity (GO:0031545),2/7,0.0120054733560536,0.1649640968554044,0,0,15.690945674044263,69.39152235250067,P4HA1;P4HB
GO_Molecular_Function_2023,Peptidase Inhibitor Activity (GO:0030414),4/37,0.0131896411294342,0.1747627449650035,0,0,4.767187021732476,20.6339277123059,TIMP2;TIMP1;TFPI;THBS1
GO_Molecular_Function_2023,Cytokine Activity (GO:0005125),10/178,0.0141177989125333,0.180610461949996,0,0,2.353320673872821,10.025896646912338,BMP4;TGFB2;TSLP;CD70;CLCF1;WNT5A;TIMP1;GDF6;GDF5;VEGFA
GO_Molecular_Function_2023,Actin Binding (GO:0003779),10/183,0.0168317917680987,0.2081531581988217,0,0,2.2847145879877537,9.331884322978478,CNN2;CALD1;TPM2;SYNPO2;TPM1;PAWR;PARVA;P4HB;PFN1;VCL
GO_Molecular_Function_2023,Alpha-Actinin Binding (GO:0051393),3/23,0.0188685348525748,0.2258137558162987,0,0,5.891431451612903,23.390512083435787,PALLD;SYNPO2;MYPN
GO_Molecular_Function_2023,cAMP Response Element Binding (GO:0035497),2/9,0.0199122117501423,0.2308572049782129,0,0,11.206668582926127,43.89004427777607,CREB3L1;HMGA2
GO_Molecular_Function_2023,mRNA 5'-UTR Binding (GO:0048027),3/24,0.02117313795562,0.2319362326352558,0,0,5.610599078341014,21.628982758382584,IGF2BP1;IGF2BP3;IGF2BP2
GO_Molecular_Function_2023,Protein Heterodimerization Activity (GO:0046982),10/190,0.021255611616169,0.2319362326352558,0,0,2.195069302431265,8.453506774581982,TOP2A;TENM3;TPM4;TPM2;TPM1;AGTR1;RCC1;AHR;P4HB;AURKA
GO_Molecular_Function_2023,Glycerophospholipid Flippase Activity (GO:0140333),2/10,0.0244839263173781,0.2455009909120893,0,0,9.80533199195171,36.37521706062178,ATP8B1;ATP11C
GO_Molecular_Function_2023,Platelet-Derived Growth Factor Binding (GO:0048407),2/10,0.0244839263173781,0.2455009909120893,0,0,9.80533199195171,36.37521706062178,PDGFRB;PDGFRA
GO_Molecular_Function_2023,Filamin Binding (GO:0031005),2/10,0.0244839263173781,0.2455009909120893,0,0,9.80533199195171,36.37521706062178,FBLIM1;SYNPO2
GO_Molecular_Function_2023,Cyclin-Dependent Protein Serine/Threonine Kinase Regulator Activity (GO:0016538),4/46,0.0273801206706366,0.2663718301837021,0,0,3.743915343915344,13.470375478878204,CDKN1A;CCNB1;CCND1;CKS2
GO_Molecular_Function_2023,Calcium-Dependent Phospholipid Binding (GO:0005544),4/47,0.0293563648925651,0.2663718301837021,0,0,3.656659619450317,12.901594289771433,ANXA2;ANXA6;ANXA2P2;MCTP2
GO_Molecular_Function_2023,DNA-(apurinic Or Apyrimidinic Site) Endonuclease Activity (GO:0003906),2/11,0.029437318160463,0.2663718301837021,0,0,8.71540353230494,30.726086165177712,NEIL3;HMGA2
GO_Molecular_Function_2023,poly(A) RNA Polymerase Activity (GO:1990817),2/11,0.029437318160463,0.2663718301837021,0,0,8.71540353230494,30.726086165177712,TENT5A;TENT5C
GO_Molecular_Function_2023,Growth Factor Receptor Binding (GO:0070851),6/96,0.0330613047294256,0.2920415251099262,0,0,2.6248816768086547,8.949249859794774,PDGFRB;ARF4;PDGFRA;TSLP;PDGFC;VEGFA
GO_Molecular_Function_2023,Vascular Endothelial Growth Factor Receptor Binding (GO:0005172),2/12,0.0347505757360525,0.2949928858643152,0,0,7.843460764587525,26.350570294349183,VEGFC;VEGFA
GO_Molecular_Function_2023,"Phosphatidylinositol-4,5-Bisphosphate Binding (GO:0005546)",5/73,0.0356475134095563,0.2949928858643152,0,0,2.8925041676589665,9.643828391603934,SVIL;JPH2;ANXA2;ANXA2P2;PFN1
GO_Molecular_Function_2023,Transmembrane Receptor Protein Tyrosine Kinase Activity (GO:0004714),4/50,0.0357808082584749,0.2949928858643152,0,0,3.4176548089591567,11.381964859276088,PDGFRB;PDGFRA;AXL;DDR2
GO_Molecular_Function_2023,Metalloendopeptidase Inhibitor Activity (GO:0008191),2/13,0.0404027344905172,0.318923712680466,0,0,7.130053045546004,22.879326407308408,TIMP2;TIMP1
GO_Molecular_Function_2023,Carbonate Dehydratase Activity (GO:0004089),2/13,0.0404027344905172,0.318923712680466,0,0,7.130053045546004,22.879326407308408,CA12;CA9
GO_Molecular_Function_2023,Protein Homodimerization Activity (GO:0042803),24/662,0.044146392470065,0.3412148251332113,0,0,1.4938524995875269,4.661184397359041,TOP2A;PDGFRA;TGFB2;TENM3;TFRC;TPM4;STAT1;CAV2;TPM2;ACTN1;APLP2;TPM1;NR2F2;AHR;CIP2A;THBS1;VEGFA;CENPF;TRIM5;PDGFC;ENPP1;AOX1;B2M;DDR2
GO_Molecular_Function_2023,Hyaluronic Acid Binding (GO:0005540),2/14,0.0463736483207111,0.3440924705396769,0,0,6.535546613011402,20.070819882123384,CEMIP;CD44
GO_Molecular_Function_2023,Cyclin-Dependent Protein Serine/Threonine Kinase Activator Activity (GO:0061575),2/14,0.0463736483207111,0.3440924705396769,0,0,6.535546613011402,20.070819882123384,CCND1;CKS2
GO_Molecular_Function_2023,Kinase Inhibitor Activity (GO:0019210),3/34,0.0522069187182558,0.3755944207129155,0,0,3.798777315296566,11.216042925648152,CDKN1A;CDK1;PARVA
GO_Molecular_Function_2023,Death Receptor Binding (GO:0005123),2/15,0.0526439619328075,0.3755944207129155,0,0,6.032502708559047,17.760916976476373,NTF4;NTF3
GO_Molecular_Function_2023,"3',5'-Cyclic-Nucleotide Phosphodiesterase Activity (GO:0004114)",2/16,0.0591950840259698,0.4090970857634444,0,0,5.601322219028456,15.834471774754752,PDE3A;PDE5A
GO_Molecular_Function_2023,SH3 Domain Binding (GO:0017124),4/59,0.0595451283860539,0.4090970857634444,0,0,2.8570798898071623,8.059881778254898,ENAH;ADAM12;AFAP1;MYPN
GO_Molecular_Function_2023,Transmembrane Receptor Protein Kinase Activity (GO:0019199),3/37,0.0642283401642003,0.4296385767832493,0,0,3.4630574003795065,9.507168640251468,PDGFRA;AXL;DDR2
GO_Molecular_Function_2023,"DNA Binding, Bending (GO:0008301)",2/17,0.0660091613925746,0.4296385767832493,0,0,5.227632461435278,14.208505008471066,TOP2A;HMGA2
GO_Molecular_Function_2023,Cadherin Binding Involved In Cell-Cell Adhesion (GO:0098641),2/17,0.0660091613925746,0.4296385767832493,0,0,5.227632461435278,14.208505008471066,BAIAP2L1;ANXA2
GO_Molecular_Function_2023,"Hydrolase Activity, Hydrolyzing N-glycosyl Compounds (GO:0016799)",2/18,0.0730690537056589,0.4673899814620595,0,0,4.900653923541247,12.821827577607593,BST1;NEIL3
GO_Molecular_Function_2023,Monoatomic Ion Gated Channel Activity (GO:0022839),3/40,0.0773990862158305,0.4866959489164936,0,0,3.1817785527462945,8.141472293898726,CHRNA5;ANXA6;ANO6
GO_Molecular_Function_2023,Double-Stranded RNA Binding (GO:0003725),4/65,0.0790619269598124,0.4888662483681734,0,0,2.5752608047690013,6.5347857069871855,TFRC;ACTN1;IGF2BP1;VIM
GO_Molecular_Function_2023,Signal Sequence Binding (GO:0005048),3/41,0.0820320974010289,0.4975727320394644,0,0,3.097888370118845,7.746718061399799,CEMIP;KDELR2;KDELR3
GO_Molecular_Function_2023,Phosphatidylinositol Bisphosphate Binding (GO:1902936),5/93,0.0831523164055169,0.4975727320394644,0,0,2.2328165255796835,5.553196038599332,SVIL;JPH2;ANXA2;ANXA2P2;PFN1
GO_Molecular_Function_2023,Single-Stranded DNA Binding (GO:0003697),5/96,0.0922336770451753,0.5219356802637792,0,0,2.158873515148819,5.145523803588224,RAD51AP1;NEIL3;NABP1;MCM10;BRCA2
GO_Molecular_Function_2023,Transforming Growth Factor Beta Binding (GO:0050431),2/21,0.0955624054655526,0.5219356802637792,0,0,4.126231070634332,9.68829063524714,CD36;THBS1
GO_Molecular_Function_2023,Protein Tyrosine Kinase Activity (GO:0004713),5/99,0.1018024934752436,0.5219356802637792,0,0,2.089650271341201,4.774267191623208,PDGFRB;PDGFRA;WEE1;AXL;DDR2
GO_Molecular_Function_2023,Cytokine Receptor Binding (GO:0005126),5/100,0.105098115878339,0.5219356802637792,0,0,2.067547411037716,4.657896779533024,TGFB2;TSLP;CLCF1;PXDN;VEGFA
GO_Molecular_Function_2023,Lipoprotein Particle Binding (GO:0071813),2/23,0.1115027304605362,0.5219356802637792,0,0,3.7328734310625657,8.188827589337507,CD36;THBS1
GO_Molecular_Function_2023,N-acetyltransferase Activity (GO:0008080),2/23,0.1115027304605362,0.5219356802637792,0,0,3.7328734310625657,8.188827589337507,ESCO2;SLC38A2
GO_Molecular_Function_2023,Cyclin-Dependent Protein Kinase Activity (GO:0097472),2/23,0.1115027304605362,0.5219356802637792,0,0,3.7328734310625657,8.188827589337507,CDK2;CDK1
GO_Molecular_Function_2023,Cyclin-Dependent Protein Serine/Threonine Kinase Activity (GO:0004693),2/23,0.1115027304605362,0.5219356802637792,0,0,3.7328734310625657,8.188827589337507,CDK2;CDK1
GO_Molecular_Function_2023,Cyclosporin A Binding (GO:0016018),2/23,0.1115027304605362,0.5219356802637792,0,0,3.7328734310625657,8.188827589337507,PPIB;PPIC
GO_Molecular_Function_2023,Kinase Binding (GO:0019900),16/460,0.1148959942778543,0.5219356802637792,0,0,1.4218193348628132,3.076430245238718,PDGFRB;CDKN1A;TFRC;CAV2;CAV1;CDC6;CDC25C;CDC25A;ACTB;AURKA;ACTA2;CCNB1;CCND1;TRIM5;CKS2;TRIB3
GO_Molecular_Function_2023,Protein Kinase Regulator Activity (GO:0019887),5/103,0.115295215491745,0.5219356802637792,0,0,2.0039453028174834,4.329041574768759,CCNB1;CDKN1A;CCND1;MAP3K20;PARVA
GO_Molecular_Function_2023,glucuronosyl-N-acetylgalactosaminyl-proteoglycan 4-beta-N-acetylgalactosaminyltransferase Activity (GO:0047238),1/5,0.1186893041737952,0.5219356802637792,0,0,9.787650602409638,20.859892071602975,CHPF2
GO_Molecular_Function_2023,"Hydrolase Activity, Acting On Acid Anhydrides, In Phosphorus-Containing Anhydrides (GO:0016818)",1/5,0.1186893041737952,0.5219356802637792,0,0,9.787650602409638,20.859892071602975,ENPP1
GO_Molecular_Function_2023,Uridine Transmembrane Transporter Activity (GO:0015213),1/5,0.1186893041737952,0.5219356802637792,0,0,9.787650602409638,20.859892071602975,SLC28A3
GO_Molecular_Function_2023,Vasopressin Receptor Activity (GO:0005000),1/5,0.1186893041737952,0.5219356802637792,0,0,9.787650602409638,20.859892071602975,OXTR
GO_Molecular_Function_2023,Keratin Filament Binding (GO:1990254),1/5,0.1186893041737952,0.5219356802637792,0,0,9.787650602409638,20.859892071602975,VIM
GO_Molecular_Function_2023,Acetyltransferase Activator Activity (GO:0010698),1/5,0.1186893041737952,0.5219356802637792,0,0,9.787650602409638,20.859892071602975,CDK1
GO_Molecular_Function_2023,Oligosaccharyl Transferase Activity (GO:0004576),1/5,0.1186893041737952,0.5219356802637792,0,0,9.787650602409638,20.859892071602975,OSTC
GO_Molecular_Function_2023,Peptidase Activator Activity (GO:0016504),2/24,0.1197145176582958,0.5219356802637792,0,0,3.563014450338394,7.563016197790117,CAV1;PCOLCE
GO_Molecular_Function_2023,Monoatomic Cation Channel Activity (GO:0005261),5/105,0.1223456896543139,0.5219356802637792,0,0,1.963663967611336,4.1254708967678,MCOLN3;ANXA2;ANXA6;ANO6;ANXA2P2
GO_Molecular_Function_2023,FAD Binding (GO:0071949),2/25,0.128070148628957,0.5219356802637792,0,0,3.40792581576415,7.003891193940885,TXNRD1;PCYOX1
GO_Molecular_Function_2023,MHC Class II Protein Complex Binding (GO:0023026),2/25,0.128070148628957,0.5219356802637792,0,0,3.40792581576415,7.003891193940885,PKM;B2M
GO_Molecular_Function_2023,Nuclear Androgen Receptor Binding (GO:0050681),2/25,0.128070148628957,0.5219356802637792,0,0,3.40792581576415,7.003891193940885,TGFB1I1;CALR
GO_Molecular_Function_2023,Adenylyltransferase Activity (GO:0070566),2/25,0.128070148628957,0.5219356802637792,0,0,3.40792581576415,7.003891193940885,TENT5A;TENT5C
GO_Molecular_Function_2023,Endopeptidase Activity (GO:0004175),12/335,0.1349237933380122,0.5219356802637792,0,0,1.463029478515712,2.9305141066945133,ADAM19;ADAMTS15;ADAMTS5;BMP1;C1S;ERAP2;PLAU;C1R;PAPPA;ADAM12;ADAMTS6;ADAMTS7
GO_Molecular_Function_2023,Protein Serine/Threonine/Tyrosine Kinase Activity (GO:0004712),2/26,0.136557371738528,0.5219356802637792,0,0,3.265761234071093,6.502164734064628,TTK;AURKA
GO_Molecular_Function_2023,ABC-type Glutathione S-conjugate Transporter Activity (GO:0015431),1/6,0.1406834717692127,0.5219356802637792,0,0,7.829718875502008,15.355979717331117,ABCC3
GO_Molecular_Function_2023,Ubiquitin Ligase Activator Activity (GO:1990757),1/6,0.1406834717692127,0.5219356802637792,0,0,7.829718875502008,15.355979717331117,CDC20
GO_Molecular_Function_2023,Vascular Endothelial Growth Factor Receptor Activity (GO:0005021),1/6,0.1406834717692127,0.5219356802637792,0,0,7.829718875502008,15.355979717331117,PDGFRA
GO_Molecular_Function_2023,L-serine Transmembrane Transporter Activity (GO:0015194),1/6,0.1406834717692127,0.5219356802637792,0,0,7.829718875502008,15.355979717331117,SLC38A2
GO_Molecular_Function_2023,Minor Groove Of Adenine-Thymine-Rich DNA Binding (GO:0003680),1/6,0.1406834717692127,0.5219356802637792,0,0,7.829718875502008,15.355979717331117,HMGA2
GO_Molecular_Function_2023,Mitogen-Activated Protein Kinase Kinase Binding (GO:0031434),1/6,0.1406834717692127,0.5219356802637792,0,0,7.829718875502008,15.355979717331117,TRIB3
GO_Molecular_Function_2023,Roundabout Binding (GO:0048495),1/6,0.1406834717692127,0.5219356802637792,0,0,7.829718875502008,15.355979717331117,TGFB1I1
GO_Molecular_Function_2023,Nitric-Oxide Synthase Binding (GO:0050998),1/6,0.1406834717692127,0.5219356802637792,0,0,7.829718875502008,15.355979717331117,CAV1
GO_Molecular_Function_2023,Nucleoside Kinase Activity (GO:0019206),1/6,0.1406834717692127,0.5219356802637792,0,0,7.829718875502008,15.355979717331117,TK1
GO_Molecular_Function_2023,Alpha-Glucosidase Activity (GO:0090599),1/6,0.1406834717692127,0.5219356802637792,0,0,7.829718875502008,15.355979717331117,GANAB
GO_Molecular_Function_2023,Primary Amine Oxidase Activity (GO:0008131),1/6,0.1406834717692127,0.5219356802637792,0,0,7.829718875502008,15.355979717331117,VCAM1
GO_Molecular_Function_2023,Pyrimidine Nucleobase Transmembrane Transporter Activity (GO:0005350),1/6,0.1406834717692127,0.5219356802637792,0,0,7.829718875502008,15.355979717331117,SLC28A3
GO_Molecular_Function_2023,Acetyltransferase Activity (GO:0016407),2/27,0.1451644549749239,0.5237016104575879,0,0,3.134969818913481,6.050140655853622,ESCO2;SLC38A2
GO_Molecular_Function_2023,Zinc Ion Binding (GO:0008270),12/341,0.1474575846132831,0.5237016104575879,0,0,1.435898716164346,2.7486184395262163,SEC23A;SEC24A;ERAP2;ANPEP;PAPPA;TIMP2;ENPP1;CA9;CALR;TIMP1;TK1;PAM
GO_Molecular_Function_2023,Flavin Adenine Dinucleotide Binding (GO:0050660),3/55,0.1576985010678366,0.5237016104575879,0,0,2.2622130893300247,4.178466586991631,TXNRD1;AOX1;PCYOX1
GO_Molecular_Function_2023,Glucosidase Activity (GO:0015926),1/7,0.1621298222363275,0.5237016104575879,0,0,6.524431057563588,11.870275140917885,GANAB
GO_Molecular_Function_2023,Iron Ion Transmembrane Transporter Activity (GO:0005381),1/7,0.1621298222363275,0.5237016104575879,0,0,6.524431057563588,11.870275140917885,SLC39A14
GO_Molecular_Function_2023,Xylosyltransferase Activity (GO:0042285),1/7,0.1621298222363275,0.5237016104575879,0,0,6.524431057563588,11.870275140917885,POGLUT3
GO_Molecular_Function_2023,Manganese Ion Transmembrane Transporter Activity (GO:0005384),1/7,0.1621298222363275,0.5237016104575879,0,0,6.524431057563588,11.870275140917885,SLC39A14
GO_Molecular_Function_2023,Neutral L-amino Acid:Sodium Symporter Activity (GO:0005295),1/7,0.1621298222363275,0.5237016104575879,0,0,6.524431057563588,11.870275140917885,SLC38A2
GO_Molecular_Function_2023,"Oxidoreductase Activity, Acting On The CH-NH2 Group Of Donors, Oxygen As Acceptor (GO:0016641)",1/7,0.1621298222363275,0.5237016104575879,0,0,6.524431057563588,11.870275140917885,VCAM1
GO_Molecular_Function_2023,Alpha-(1->3)-Fucosyltransferase Activity (GO:0046920),1/7,0.1621298222363275,0.5237016104575879,0,0,6.524431057563588,11.870275140917885,FUT11
GO_Molecular_Function_2023,Bubble DNA Binding (GO:0000405),1/7,0.1621298222363275,0.5237016104575879,0,0,6.524431057563588,11.870275140917885,NEIL3
GO_Molecular_Function_2023,Pyrimidine Nucleoside Transmembrane Transporter Activity (GO:0015214),1/7,0.1621298222363275,0.5237016104575879,0,0,6.524431057563588,11.870275140917885,SLC28A3
GO_Molecular_Function_2023,Retinal Dehydrogenase Activity (GO:0001758),1/7,0.1621298222363275,0.5237016104575879,0,0,6.524431057563588,11.870275140917885,AKR1B10
GO_Molecular_Function_2023,Dinucleotide Phosphatase Activity (GO:0004551),1/7,0.1621298222363275,0.5237016104575879,0,0,6.524431057563588,11.870275140917885,ENPP1
GO_Molecular_Function_2023,Aminopeptidase Activity (GO:0004177),2/29,0.16269376292415,0.5237016104575879,0,0,2.90245174752217,5.27052033393709,ERAP2;ANPEP
GO_Molecular_Function_2023,Protein Serine/Threonine Kinase Activator Activity (GO:0043539),3/56,0.1637449779328307,0.5237016104575879,0,0,2.2194157029823494,4.015910811029668,CCNB1;CCND1;CKS2
GO_Molecular_Function_2023,Transition Metal Ion Binding (GO:0046914),15/456,0.1696579451122351,0.5264230383901444,0,0,1.3394614043964694,2.3761656287179918,SEC23A;SEC24A;ERAP2;LOXL3;ANPEP;PAPPA;TIMP2;FAM20C;ENPP1;AOX1;CA9;TIMP1;TK1;CALR;PAM
GO_Molecular_Function_2023,Receptor Antagonist Activity (GO:0048019),2/30,0.1715949605091142,0.5264230383901444,0,0,2.7986490370796204,4.932950455879384,FST;PXDN
GO_Molecular_Function_2023,Glucosyltransferase Activity (GO:0046527),1/8,0.1830419729173278,0.5264230383901444,0,0,5.592082616179002,9.495578803741848,POGLUT3
GO_Molecular_Function_2023,Type II Transforming Growth Factor Beta Receptor Binding (GO:0005114),1/8,0.1830419729173278,0.5264230383901444,0,0,5.592082616179002,9.495578803741848,TGFB2
GO_Molecular_Function_2023,Vascular Endothelial Growth Factor Receptor 2 Binding (GO:0043184),1/8,0.1830419729173278,0.5264230383901444,0,0,5.592082616179002,9.495578803741848,VEGFA
GO_Molecular_Function_2023,Leucine Zipper Domain Binding (GO:0043522),1/8,0.1830419729173278,0.5264230383901444,0,0,5.592082616179002,9.495578803741848,PAWR
GO_Molecular_Function_2023,L-glutamine Transmembrane Transporter Activity (GO:0015186),1/8,0.1830419729173278,0.5264230383901444,0,0,5.592082616179002,9.495578803741848,SLC38A2
GO_Molecular_Function_2023,Metal-Dependent Deubiquitinase Activity (GO:0140492),1/8,0.1830419729173278,0.5264230383901444,0,0,5.592082616179002,9.495578803741848,DEPDC1B
GO_Molecular_Function_2023,RNA Polymerase II CTD Heptapeptide Repeat Kinase Activity (GO:0008353),1/8,0.1830419729173278,0.5264230383901444,0,0,5.592082616179002,9.495578803741848,CDK1
GO_Molecular_Function_2023,UDP Phosphatase Activity (GO:0045134),1/8,0.1830419729173278,0.5264230383901444,0,0,5.592082616179002,9.495578803741848,ENTPD7
GO_Molecular_Function_2023,UDP-xylosyltransferase Activity (GO:0035252),1/8,0.1830419729173278,0.5264230383901444,0,0,5.592082616179002,9.495578803741848,POGLUT3
GO_Molecular_Function_2023,Nucleoside Transmembrane Transporter Activity (GO:0005337),1/8,0.1830419729173278,0.5264230383901444,0,0,5.592082616179002,9.495578803741848,SLC28A3
GO_Molecular_Function_2023,Serine Transmembrane Transporter Activity (GO:0022889),1/8,0.1830419729173278,0.5264230383901444,0,0,5.592082616179002,9.495578803741848,SLC38A2
GO_Molecular_Function_2023,"ATPase Activity, Coupled To Transmembrane Movement Of Ions, Rotational Mechanism (GO:0044769)",1/9,0.2034332036105457,0.5277882415350522,0,0,4.892821285140562,7.791414560618048,ATP6V1B1
GO_Molecular_Function_2023,DNA N-glycosylase Activity (GO:0019104),1/9,0.2034332036105457,0.5277882415350522,0,0,4.892821285140562,7.791414560618048,NEIL3
GO_Molecular_Function_2023,Tumor Necrosis Factor Receptor Binding (GO:0005164),1/9,0.2034332036105457,0.5277882415350522,0,0,4.892821285140562,7.791414560618048,STAT1
GO_Molecular_Function_2023,"Hydrolase Activity, Acting On Carbon-Nitrogen (But Not Peptide) Bonds, In Linear Amidines (GO:0016813)",1/9,0.2034332036105457,0.5277882415350522,0,0,4.892821285140562,7.791414560618048,PADI3
GO_Molecular_Function_2023,Interleukin-1 Binding (GO:0019966),1/9,0.2034332036105457,0.5277882415350522,0,0,4.892821285140562,7.791414560618048,PXDN
GO_Molecular_Function_2023,GDP Phosphatase Activity (GO:0004382),1/9,0.2034332036105457,0.5277882415350522,0,0,4.892821285140562,7.791414560618048,ENTPD7
GO_Molecular_Function_2023,Voltage-Gated Chloride Channel Activity (GO:0005247),1/9,0.2034332036105457,0.5277882415350522,0,0,4.892821285140562,7.791414560618048,ANO6
GO_Molecular_Function_2023,Nucleoside Triphosphate Diphosphatase Activity (GO:0047429),1/9,0.2034332036105457,0.5277882415350522,0,0,4.892821285140562,7.791414560618048,ENPP1
GO_Molecular_Function_2023,Amino Acid:Monoatomic Cation Symporter Activity (GO:0005416),1/9,0.2034332036105457,0.5277882415350522,0,0,4.892821285140562,7.791414560618048,SLC38A2
GO_Molecular_Function_2023,Phosphate Ion Binding (GO:0042301),1/9,0.2034332036105457,0.5277882415350522,0,0,4.892821285140562,7.791414560618048,MTHFD2
GO_Molecular_Function_2023,"Proton-Transporting ATPase Activity, Rotational Mechanism (GO:0046961)",1/9,0.2034332036105457,0.5277882415350522,0,0,4.892821285140562,7.791414560618048,ATP6V1B1
GO_Molecular_Function_2023,Purine Nucleobase Transmembrane Transporter Activity (GO:0005345),1/9,0.2034332036105457,0.5277882415350522,0,0,4.892821285140562,7.791414560618048,SLC28A3
GO_Molecular_Function_2023,Pyrophosphate Hydrolysis-Driven Proton Transmembrane Transporter Activity (GO:0009678),1/9,0.2034332036105457,0.5277882415350522,0,0,4.892821285140562,7.791414560618048,ATP6V1B1
GO_Molecular_Function_2023,Small Ribosomal Subunit rRNA Binding (GO:0070181),1/9,0.2034332036105457,0.5277882415350522,0,0,4.892821285140562,7.791414560618048,MAP3K20
GO_Molecular_Function_2023,Nucleosomal DNA Binding (GO:0031492),2/34,0.2078855934852182,0.5355941332153887,0,0,2.4483148893360163,3.845733168849358,RCC1;HMGA2
GO_Molecular_Function_2023,Protein Kinase Binding (GO:0019901),16/511,0.2097087707880809,0.5365651997405381,0,0,1.2719158458288893,1.9867777252357697,TOP2A;PDGFRB;CDKN1A;TFRC;CAV2;CAV1;CDC25C;CDC25A;ACTB;AURKA;ACTA2;CCNB1;CCND1;TRIM5;CKS2;TRIB3
GO_Molecular_Function_2023,Core Promoter Sequence-Specific DNA Binding (GO:0001046),2/35,0.2170858063405805,0.5379896648765908,0,0,2.3740015852691907,3.626198592711233,KLF10;STAT1
GO_Molecular_Function_2023,ABC-type Xenobiotic Transporter Activity (GO:0008559),1/10,0.2233164646657546,0.5379896648765908,0,0,4.348951360999553,6.519797360878272,ABCC3
GO_Molecular_Function_2023,BMP Receptor Binding (GO:0070700),1/10,0.2233164646657546,0.5379896648765908,0,0,4.348951360999553,6.519797360878272,BMP4
GO_Molecular_Function_2023,Transmembrane Receptor Protein Serine/Threonine Kinase Binding (GO:0070696),1/10,0.2233164646657546,0.5379896648765908,0,0,4.348951360999553,6.519797360878272,BMP4
GO_Molecular_Function_2023,Vinculin Binding (GO:0017166),1/10,0.2233164646657546,0.5379896648765908,0,0,4.348951360999553,6.519797360878272,TLN1
GO_Molecular_Function_2023,JUN Kinase Kinase Kinase Activity (GO:0004706),1/10,0.2233164646657546,0.5379896648765908,0,0,4.348951360999553,6.519797360878272,MAP3K20
GO_Molecular_Function_2023,UDP-glucosyltransferase Activity (GO:0035251),1/10,0.2233164646657546,0.5379896648765908,0,0,4.348951360999553,6.519797360878272,POGLUT3
GO_Molecular_Function_2023,alditol:NADP+ 1-Oxidoreductase Activity (GO:0004032),1/10,0.2233164646657546,0.5379896648765908,0,0,4.348951360999553,6.519797360878272,AKR1B10
GO_Molecular_Function_2023,cGMP Binding (GO:0030553),1/10,0.2233164646657546,0.5379896648765908,0,0,4.348951360999553,6.519797360878272,PDE5A
GO_Molecular_Function_2023,N-acyltransferase Activity (GO:0016410),2/37,0.2355832824272019,0.5592753225605274,0,0,2.238114400689853,3.235621369691976,ESCO2;SLC38A2
GO_Molecular_Function_2023,Calcium Ion Transmembrane Transporter Activity (GO:0015085),3/68,0.2406952275049543,0.5592753225605274,0,0,1.808560794044665,2.575795257819164,MCOLN3;ANXA6;ANXA2P2
GO_Molecular_Function_2023,Fucosyltransferase Activity (GO:0008417),1/11,0.2427043852621156,0.5592753225605274,0,0,3.913855421686747,5.54167132659317,FUT11
GO_Molecular_Function_2023,C2H2 Zinc Finger Domain Binding (GO:0070742),1/11,0.2427043852621156,0.5592753225605274,0,0,3.913855421686747,5.54167132659317,HMGA2
GO_Molecular_Function_2023,Voltage-Gated Potassium Channel Activity Involved In Ventricular Cardiac Muscle Cell Action Potential Repolarization (GO:1902282),1/11,0.2427043852621156,0.5592753225605274,0,0,3.913855421686747,5.54167132659317,KCNE4
GO_Molecular_Function_2023,Monoatomic Cation:Bicarbonate Symporter Activity (GO:0140410),1/11,0.2427043852621156,0.5592753225605274,0,0,3.913855421686747,5.54167132659317,SLC39A14
GO_Molecular_Function_2023,Organic Acid:Sodium Symporter Activity (GO:0005343),1/11,0.2427043852621156,0.5592753225605274,0,0,3.913855421686747,5.54167132659317,SLC38A2
GO_Molecular_Function_2023,Sequence-Specific Double-Stranded DNA Binding (GO:1990837),21/715,0.2512423034410933,0.5753758924484298,0,0,1.190560452413394,1.6445657431558398,KLF10;TFAP2A;YAP1;OSR2;TFAP2C;HMGA2;MCM10;CDC6;AHR;RUNX1;FOSL1;TBX15;ORC1;SIX4;CREB3L1;KIF2C;HES2;TEAD1;PITX1;NKX3-2;E2F7
GO_Molecular_Function_2023,Ligand-Gated Channel Activity (GO:0022834),1/12,0.261609281253176,0.5846809840055922,0,0,3.557867834976269,4.770756298322355,CHRNA5
GO_Molecular_Function_2023,LRR Domain Binding (GO:0030275),1/12,0.261609281253176,0.5846809840055922,0,0,3.557867834976269,4.770756298322355,PAWR
GO_Molecular_Function_2023,RNA Polymerase II Core Promoter Sequence-Specific DNA Binding (GO:0000979),1/12,0.261609281253176,0.5846809840055922,0,0,3.557867834976269,4.770756298322355,STAT1
GO_Molecular_Function_2023,Solute:Monoatomic Cation Symporter Activity (GO:0015294),1/12,0.261609281253176,0.5846809840055922,0,0,3.557867834976269,4.770756298322355,SLC39A14
GO_Molecular_Function_2023,"3',5'-cyclic-AMP Phosphodiesterase Activity (GO:0004115)",1/13,0.2800431628710608,0.6040465896811835,0,0,3.2612115127175367,4.150907630099556,PDE3A
GO_Molecular_Function_2023,I-SMAD Binding (GO:0070411),1/13,0.2800431628710608,0.6040465896811835,0,0,3.2612115127175367,4.150907630099556,TGFB1I1
GO_Molecular_Function_2023,K63-linked Deubiquitinase Activity (GO:0061578),1/13,0.2800431628710608,0.6040465896811835,0,0,3.2612115127175367,4.150907630099556,DEPDC1B
GO_Molecular_Function_2023,"Oxidoreductase Activity, Acting On The CH-NH Group Of Donors, NAD Or NADP As Acceptor (GO:0016646)",1/13,0.2800431628710608,0.6040465896811835,0,0,3.2612115127175367,4.150907630099556,ALDH1L2
GO_Molecular_Function_2023,Arylsulfatase Activity (GO:0004065),1/13,0.2800431628710608,0.6040465896811835,0,0,3.2612115127175367,4.150907630099556,SULF1
GO_Molecular_Function_2023,"Phosphotransferase Activity, For Other Substituted Phosphate Groups (GO:0016780)",1/13,0.2800431628710608,0.6040465896811835,0,0,3.2612115127175367,4.150907630099556,SGMS2
GO_Molecular_Function_2023,Endopeptidase Regulator Activity (GO:0061135),2/42,0.2820692544851573,0.6048999619305976,0,0,1.9578470824949696,2.4778564655211874,TFPI;THBS1
GO_Molecular_Function_2023,Protein Tyrosine Phosphatase Activity (GO:0004725),3/76,0.2948143193233721,0.6108540465172025,0,0,1.6096995139195758,1.96610235383945,CDC25C;CDC25A;CDKN3
GO_Molecular_Function_2023,Voltage-Gated Potassium Channel Activity Involved In Cardiac Muscle Cell Action Potential Repolarization (GO:0086008),1/14,0.2980177423709262,0.6108540465172025,0,0,3.010194624652456,3.644148403879033,KCNE4
GO_Molecular_Function_2023,Nucleoside Diphosphate Phosphatase Activity (GO:0017110),1/14,0.2980177423709262,0.6108540465172025,0,0,3.010194624652456,3.644148403879033,ENTPD7
GO_Molecular_Function_2023,Acetylgalactosaminyltransferase Activity (GO:0008376),1/14,0.2980177423709262,0.6108540465172025,0,0,3.010194624652456,3.644148403879033,CHPF2
GO_Molecular_Function_2023,Alanine Transmembrane Transporter Activity (GO:0022858),1/14,0.2980177423709262,0.6108540465172025,0,0,3.010194624652456,3.644148403879033,SLC38A2
GO_Molecular_Function_2023,Aldehyde Dehydrogenase (NAD+) Activity (GO:0004029),1/14,0.2980177423709262,0.6108540465172025,0,0,3.010194624652456,3.644148403879033,ALDH1L2
GO_Molecular_Function_2023,Aldehyde Dehydrogenase [NAD(P)+] Activity (GO:0004030),1/14,0.2980177423709262,0.6108540465172025,0,0,3.010194624652456,3.644148403879033,ALDH1L2
GO_Molecular_Function_2023,Aldo-Keto Reductase (NADP) Activity (GO:0004033),1/14,0.2980177423709262,0.6108540465172025,0,0,3.010194624652456,3.644148403879033,AKR1B10
GO_Molecular_Function_2023,Protein Kinase Inhibitor Activity (GO:0004860),2/45,0.3098842503127436,0.6226967432948484,0,0,1.82097234570212,2.133371873783212,CDKN1A;PARVA
GO_Molecular_Function_2023,Copper Ion Binding (GO:0005507),2/45,0.3098842503127436,0.6226967432948484,0,0,1.82097234570212,2.133371873783212,LOXL3;PAM
GO_Molecular_Function_2023,Damaged DNA Binding (GO:0003684),2/45,0.3098842503127436,0.6226967432948484,0,0,1.82097234570212,2.133371873783212,POLQ;NEIL3
GO_Molecular_Function_2023,Sulfuric Ester Hydrolase Activity (GO:0008484),1/15,0.3155444413461765,0.6226967432948484,0,0,2.795037292025244,3.22395182720092,SULF1
GO_Molecular_Function_2023,BMP Binding (GO:0036122),1/15,0.3155444413461765,0.6226967432948484,0,0,2.795037292025244,3.22395182720092,GDF5
GO_Molecular_Function_2023,Voltage-Gated Monoatomic Anion Channel Activity (GO:0008308),1/15,0.3155444413461765,0.6226967432948484,0,0,2.795037292025244,3.22395182720092,ANO6
GO_Molecular_Function_2023,Acidic Amino Acid Transmembrane Transporter Activity (GO:0015172),1/15,0.3155444413461765,0.6226967432948484,0,0,2.795037292025244,3.22395182720092,SLC38A2
GO_Molecular_Function_2023,Hydro-Lyase Activity (GO:0016836),2/46,0.3191115205429827,0.6264040958806698,0,0,1.7794951527345892,2.0325654208011086,CA12;CA9
GO_Molecular_Function_2023,Four-Way Junction DNA Binding (GO:0000400),1/16,0.3326343979249143,0.6323916629781047,0,0,2.6085676037483267,2.8712798285279675,XRCC2
GO_Molecular_Function_2023,Ubiquitin-Protein Transferase Activator Activity (GO:0097027),1/16,0.3326343979249143,0.6323916629781047,0,0,2.6085676037483267,2.8712798285279675,CDC20
GO_Molecular_Function_2023,Low-Density Lipoprotein Particle Binding (GO:0030169),1/16,0.3326343979249143,0.6323916629781047,0,0,2.6085676037483267,2.8712798285279675,THBS1
GO_Molecular_Function_2023,Acetylcholine-Gated Monoatomic Cation-Selective Channel Activity (GO:0022848),1/16,0.3326343979249143,0.6323916629781047,0,0,2.6085676037483267,2.8712798285279675,CHRNA5
GO_Molecular_Function_2023,Magnesium Ion Binding (GO:0000287),5/155,0.3447844025119361,0.6323916629781047,0,0,1.305735492577598,1.390394129660708,TOP2A;MTHFD2;ATP10D;MAP3K20;DDR2
GO_Molecular_Function_2023,Pyrophosphatase Activity (GO:0016462),2/49,0.3465972728961172,0.6323916629781047,0,0,1.6656534954407294,1.7649127352583551,ENTPD7;ENPP1
GO_Molecular_Function_2023,Histone Acetyltransferase Binding (GO:0035035),1/17,0.3492984738086775,0.6323916629781047,0,0,2.445406626506024,2.572148375201184,STAT1
GO_Molecular_Function_2023,Intracellular Calcium Activated Chloride Channel Activity (GO:0005229),1/17,0.3492984738086775,0.6323916629781047,0,0,2.445406626506024,2.572148375201184,ANO6
GO_Molecular_Function_2023,RNA Polymerase Binding (GO:0070063),1/17,0.3492984738086775,0.6323916629781047,0,0,2.445406626506024,2.572148375201184,PPIB
GO_Molecular_Function_2023,Phosphatidylcholine Transporter Activity (GO:0008525),1/17,0.3492984738086775,0.6323916629781047,0,0,2.445406626506024,2.572148375201184,ATP8B1
GO_Molecular_Function_2023,Calcium-Release Channel Activity (GO:0015278),1/17,0.3492984738086775,0.6323916629781047,0,0,2.445406626506024,2.572148375201184,MCOLN3
GO_Molecular_Function_2023,Chemokine Binding (GO:0019956),1/17,0.3492984738086775,0.6323916629781047,0,0,2.445406626506024,2.572148375201184,PLP2
GO_Molecular_Function_2023,Cholesterol Binding (GO:0015485),2/50,0.3556804361344539,0.6323916629781047,0,0,1.630868544600939,1.6858656763712023,CAV1;ANXA6
GO_Molecular_Function_2023,Double-Stranded DNA Binding (GO:0003690),18/650,0.358853452598417,0.6323916629781047,0,0,1.1172728229690254,1.1450272025934636,KLF10;TFAP2A;OSR2;TFAP2C;STAT1;AHR;FOSL1;RAD51AP1;TBX15;NEIL3;SIX4;CREB3L1;IGF2BP1;HES2;TEAD1;PITX1;NKX3-2;E2F7
GO_Molecular_Function_2023,Transforming Growth Factor Beta Receptor Binding (GO:0005160),1/18,0.3655472610842739,0.6323916629781047,0,0,2.301441058351051,2.316077539630544,TGFB2
GO_Molecular_Function_2023,Intracellular Chloride Channel Activity (GO:0061778),1/18,0.3655472610842739,0.6323916629781047,0,0,2.301441058351051,2.316077539630544,ANO6
GO_Molecular_Function_2023,Nucleobase-Containing Compound Kinase Activity (GO:0019205),1/18,0.3655472610842739,0.6323916629781047,0,0,2.301441058351051,2.316077539630544,TK1
GO_Molecular_Function_2023,Amino Acid:Sodium Symporter Activity (GO:0005283),1/18,0.3655472610842739,0.6323916629781047,0,0,2.301441058351051,2.316077539630544,SLC38A2
GO_Molecular_Function_2023,Ankyrin Binding (GO:0030506),1/18,0.3655472610842739,0.6323916629781047,0,0,2.301441058351051,2.316077539630544,PLEC
GO_Molecular_Function_2023,Calcium Activated Cation Channel Activity (GO:0005227),1/18,0.3655472610842739,0.6323916629781047,0,0,2.301441058351051,2.316077539630544,ANO6
GO_Molecular_Function_2023,Exopeptidase Activity (GO:0008238),2/52,0.3737067935539284,0.6323916629781047,0,0,1.5654728370221327,1.5408694956671147,ERAP2;ANPEP
GO_Molecular_Function_2023,Protein Kinase Activator Activity (GO:0030295),3/88,0.3768611517597447,0.6323916629781047,0,0,1.381593927893738,1.3482677506804766,CDKN1A;MAP3K20;CD36
GO_Molecular_Function_2023,Serine-Type Endopeptidase Activity (GO:0004252),4/125,0.3797435953944159,0.6323916629781047,0,0,1.2942649636864514,1.253183703317145,BMP1;C1S;PLAU;C1R
GO_Molecular_Function_2023,1-Acylglycerol-3-Phosphate O-acyltransferase Activity (GO:0003841),1/19,0.3813910890200669,0.6323916629781047,0,0,2.17347166443552,2.0950744327356245,GPAT3
GO_Molecular_Function_2023,DNA Polymerase Binding (GO:0070182),1/19,0.3813910890200669,0.6323916629781047,0,0,2.17347166443552,2.0950744327356245,FANCI
GO_Molecular_Function_2023,MAP Kinase Kinase Kinase Activity (GO:0004709),1/19,0.3813910890200669,0.6323916629781047,0,0,2.17347166443552,2.0950744327356245,MAP3K20
GO_Molecular_Function_2023,Metalloaminopeptidase Activity (GO:0070006),1/19,0.3813910890200669,0.6323916629781047,0,0,2.17347166443552,2.0950744327356245,ERAP2
GO_Molecular_Function_2023,Microtubule Plus-End Binding (GO:0051010),1/19,0.3813910890200669,0.6323916629781047,0,0,2.17347166443552,2.0950744327356245,KIF2C
GO_Molecular_Function_2023,Alcohol Dehydrogenase (NADP+) Activity (GO:0008106),1/19,0.3813910890200669,0.6323916629781047,0,0,2.17347166443552,2.0950744327356245,AKR1B10
GO_Molecular_Function_2023,Postsynaptic Neurotransmitter Receptor Activity (GO:0098960),1/19,0.3813910890200669,0.6323916629781047,0,0,2.17347166443552,2.0950744327356245,CHRNA5
GO_Molecular_Function_2023,Retinoic Acid Binding (GO:0001972),1/19,0.3813910890200669,0.6323916629781047,0,0,2.17347166443552,2.0950744327356245,NR2F2
GO_Molecular_Function_2023,Monoatomic Anion Channel Activity (GO:0005253),2/53,0.3826434235258837,0.6323916629781047,0,0,1.5346983863968122,1.474310663803732,ANO6;CLIC1
GO_Molecular_Function_2023,Microtubule Binding (GO:0008017),7/239,0.3876144881538539,0.6323916629781047,0,0,1.1816915475189234,1.1199410982674096,CENPE;KIF18B;BIRC5;KIF2C;SKA1;SPC24;KIF15
GO_Molecular_Function_2023,Myosin Binding (GO:0017022),2/54,0.3915249643863088,0.6323916629781047,0,0,1.50510756848785,1.4113483970010563,KIRREL1;CALD1
GO_Molecular_Function_2023,Histone H4 Acetyltransferase Activity (GO:0010485),1/20,0.3968400302739368,0.6323916629781047,0,0,2.058972733037413,1.9029479506273093,BRCA2
GO_Molecular_Function_2023,DNA-directed DNA Polymerase Activity (GO:0003887),1/20,0.3968400302739368,0.6323916629781047,0,0,2.058972733037413,1.9029479506273093,POLQ
GO_Molecular_Function_2023,Lysophosphatidic Acid Acyltransferase Activity (GO:0042171),1/20,0.3968400302739368,0.6323916629781047,0,0,2.058972733037413,1.9029479506273093,GPAT3
GO_Molecular_Function_2023,WW Domain Binding (GO:0050699),1/20,0.3968400302739368,0.6323916629781047,0,0,2.058972733037413,1.9029479506273093,ENAH
GO_Molecular_Function_2023,Acetylcholine Receptor Activity (GO:0015464),1/20,0.3968400302739368,0.6323916629781047,0,0,2.058972733037413,1.9029479506273093,CHRNA5
GO_Molecular_Function_2023,Actinin Binding (GO:0042805),1/20,0.3968400302739368,0.6323916629781047,0,0,2.058972733037413,1.9029479506273093,SYNPO2
GO_Molecular_Function_2023,"Oxidoreductase Activity, Acting On The Aldehyde Or Oxo Group Of Donors, NAD Or NADP As Acceptor (GO:0016620)",1/20,0.3968400302739368,0.6323916629781047,0,0,2.058972733037413,1.9029479506273093,AKR1B10
GO_Molecular_Function_2023,Phosphatidic Acid Binding (GO:0070300),1/20,0.3968400302739368,0.6323916629781047,0,0,2.058972733037413,1.9029479506273093,JPH2
GO_Molecular_Function_2023,Fibroblast Growth Factor Binding (GO:0017134),1/20,0.3968400302739368,0.6323916629781047,0,0,2.058972733037413,1.9029479506273093,THBS1
GO_Molecular_Function_2023,Calcium Channel Activity (GO:0005262),3/91,0.3971624190671116,0.6323916629781047,0,0,1.334287939882698,1.2320947810972578,MCOLN3;ANXA6;ANXA2P2
GO_Molecular_Function_2023,Chloride Transmembrane Transporter Activity (GO:0015108),2/55,0.4003486021478105,0.6347407324651183,0,0,1.4766333852169622,1.3517391517681103,ANO6;CLIC1
GO_Molecular_Function_2023,DNA-binding Transcription Factor Binding (GO:0140297),8/282,0.4067032685406945,0.6420719686323304,0,0,1.143324364101268,1.0286162648786472,YAP1;CENPF;PRRX1;TWIST1;HMGA2;AHR;PITX1;TEAD3
GO_Molecular_Function_2023,mRNA 3'-UTR Binding (GO:0003730),3/93,0.4105981346365888,0.6420855031212914,0,0,1.304502688172043,1.1611904369327417,IGF2BP1;IGF2BP3;IGF2BP2
GO_Molecular_Function_2023,DNA Polymerase Activity (GO:0034061),1/21,0.4119039076627152,0.6420855031212914,0,0,1.9559236947791163,1.7348362328644071,POLQ
GO_Molecular_Function_2023,Cyclic Nucleotide Binding (GO:0030551),1/21,0.4119039076627152,0.6420855031212914,0,0,1.9559236947791163,1.7348362328644071,PDE5A
GO_Molecular_Function_2023,Metalloexopeptidase Activity (GO:0008235),2/57,0.4178117756643378,0.6485697438136793,0,0,1.4227912932138285,1.2417044576256764,ERAP2;ANPEP
GO_Molecular_Function_2023,Low-Density Lipoprotein Particle Receptor Binding (GO:0050750),1/22,0.4265923001206594,0.648630095675265,0,0,1.8626888506406576,1.5868740350634525,HSP90B1
GO_Molecular_Function_2023,bHLH Transcription Factor Binding (GO:0043425),1/22,0.4265923001206594,0.648630095675265,0,0,1.8626888506406576,1.5868740350634525,TWIST1
GO_Molecular_Function_2023,Bicarbonate Transmembrane Transporter Activity (GO:0015106),1/22,0.4265923001206594,0.648630095675265,0,0,1.8626888506406576,1.5868740350634525,SLC39A14
GO_Molecular_Function_2023,Semaphorin Receptor Binding (GO:0030215),1/22,0.4265923001206594,0.648630095675265,0,0,1.8626888506406576,1.5868740350634525,SEMA3C
GO_Molecular_Function_2023,Single-Stranded DNA Helicase Activity (GO:0017116),1/22,0.4265923001206594,0.648630095675265,0,0,1.8626888506406576,1.5868740350634525,POLQ
GO_Molecular_Function_2023,Ubiquitin-Like Protein Ligase Binding (GO:0044389),8/289,0.4332160592307892,0.656012889692338,0,0,1.1144370918526356,0.9322474599224676,CDKN1A;CCNB1;STAT1;UBE2C;TRIB3;CALR;VCL;ACTG1
GO_Molecular_Function_2023,Sterol Binding (GO:0032934),2/59,0.4350137909777062,0.656057383954183,0,0,1.3727275936319672,1.142627624339719,CAV1;ANXA6
GO_Molecular_Function_2023,Zinc Ion Transmembrane Transporter Activity (GO:0005385),1/23,0.4409145486177336,0.656944970028832,0,0,1.7779299014238774,1.4559542451219354,SLC39A14
GO_Molecular_Function_2023,Ligand-Gated Monoatomic Ion Channel Activity (GO:0015276),1/23,0.4409145486177336,0.656944970028832,0,0,1.7779299014238774,1.4559542451219354,CHRNA5
GO_Molecular_Function_2023,Actin Monomer Binding (GO:0003785),1/23,0.4409145486177336,0.656944970028832,0,0,1.7779299014238774,1.4559542451219354,PFN1
GO_Molecular_Function_2023,Notch Binding (GO:0005112),1/24,0.4548797623515939,0.667037121867357,0,0,1.7005412956172516,1.3395540515359654,JAG1
GO_Molecular_Function_2023,Monoatomic Anion Transmembrane Transporter Activity (GO:0008509),1/24,0.4548797623515939,0.667037121867357,0,0,1.7005412956172516,1.3395540515359654,SLC39A14
GO_Molecular_Function_2023,"Phosphatidylinositol-3,5-Bisphosphate Binding (GO:0080025)",1/24,0.4548797623515939,0.667037121867357,0,0,1.7005412956172516,1.3395540515359654,JPH2
GO_Molecular_Function_2023,Chemorepellent Activity (GO:0045499),1/24,0.4548797623515939,0.667037121867357,0,0,1.7005412956172516,1.3395540515359654,SEMA3C
GO_Molecular_Function_2023,Nucleosome Binding (GO:0031491),2/62,0.4602912678851181,0.6723151983676332,0,0,1.303890006706908,1.0116827783341376,RCC1;HMGA2
GO_Molecular_Function_2023,Phosphatidylinositol-4-Phosphate Binding (GO:0070273),1/25,0.4684968242387519,0.6789543820022537,0,0,1.629601740294511,1.2356063372698105,JPH2
GO_Molecular_Function_2023,Epidermal Growth Factor Receptor Binding (GO:0005154),1/25,0.4684968242387519,0.6789543820022537,0,0,1.629601740294511,1.2356063372698105,ARF4
GO_Molecular_Function_2023,Serine-Type Peptidase Activity (GO:0008236),4/142,0.4744642772219429,0.6849270305421822,0,0,1.133831064265847,0.8453492347720313,BMP1;C1S;PLAU;C1R
GO_Molecular_Function_2023,Chloride Channel Activity (GO:0005254),2/64,0.4767723045266961,0.6855911820907142,0,0,1.2616992276238073,0.9345611218529952,ANO6;CLIC1
GO_Molecular_Function_2023,Excitatory Extracellular Ligand-Gated Monoatomic Ion Channel Activity (GO:0005231),1/26,0.4817743966932282,0.689123779218926,0,0,1.5643373493975905,1.142403233222452,CHRNA5
GO_Molecular_Function_2023,Protein Serine/Threonine Kinase Activity (GO:0004674),9/342,0.4829438884014037,0.689123779218926,0,0,1.0572531715388858,0.7695268011753964,PLK4;CHEK1;CDK2;PBK;MAP3K20;CDK1;FAM20C;TTK;AURKA
GO_Molecular_Function_2023,ADP Binding (GO:0043531),1/27,0.4947209270461649,0.6932377248816839,0,0,1.5040932962619709,1.0585228928666082,PGK1
GO_Molecular_Function_2023,Histone Acetyltransferase Activity (GO:0004402),1/27,0.4947209270461649,0.6932377248816839,0,0,1.5040932962619709,1.0585228928666082,BRCA2
GO_Molecular_Function_2023,Tumor Necrosis Factor Receptor Superfamily Binding (GO:0032813),1/27,0.4947209270461649,0.6932377248816839,0,0,1.5040932962619709,1.0585228928666082,STAT1
GO_Molecular_Function_2023,Lipoprotein Particle Receptor Binding (GO:0070325),1/27,0.4947209270461649,0.6932377248816839,0,0,1.5040932962619709,1.0585228928666082,HSP90B1
GO_Molecular_Function_2023,Kinase Activity (GO:0016301),3/106,0.4951698034869171,0.6932377248816839,0,0,1.139093329157532,0.8006169154785968,PGK1;CDK1;TRIB3
GO_Molecular_Function_2023,RNA Polymerase II-specific DNA-binding Transcription Factor Binding (GO:0061629),6/228,0.5052091912060542,0.7023315901624552,0,0,1.0569047749575131,0.7216362910990152,PRRX1;STAT1;HMGA2;AHR;PITX1;TEAD3
GO_Molecular_Function_2023,Monocarboxylic Acid Binding (GO:0033293),1/28,0.5073446527319083,0.7023315901624552,0,0,1.448311765580842,0.9827732646666448,NR2F2
GO_Molecular_Function_2023,Delayed Rectifier Potassium Channel Activity (GO:0005251),1/28,0.5073446527319083,0.7023315901624552,0,0,1.448311765580842,0.9827732646666448,KCNE4
GO_Molecular_Function_2023,Gamma-Tubulin Binding (GO:0043015),1/29,0.5196536067270527,0.7102726390310096,0,0,1.3965146299483648,0.9141484641545649,BRCA2
GO_Molecular_Function_2023,Acylglycerol O-acyltransferase Activity (GO:0016411),1/29,0.5196536067270527,0.7102726390310096,0,0,1.3965146299483648,0.9141484641545649,GPAT3
GO_Molecular_Function_2023,Protein Tyrosine Kinase Activator Activity (GO:0030296),1/29,0.5196536067270527,0.7102726390310096,0,0,1.3965146299483648,0.9141484641545649,CD36
GO_Molecular_Function_2023,Transcription Cis-Regulatory Region Binding (GO:0000976),12/474,0.5207389698556188,0.7102726390310096,0,0,1.0154404117443132,0.6625813475097075,YAP1;TFAP2A;KLF10;OSR2;TFAP2C;STAT1;CREB3L1;TWIST1;HMGA2;AHR;E2F7;RUNX1
GO_Molecular_Function_2023,Glucuronosyltransferase Activity (GO:0015020),1/30,0.531655622454183,0.7198694741989119,0,0,1.3482897105664036,0.8517945980727755,CHPF2
GO_Molecular_Function_2023,Retinoid Binding (GO:0005501),1/30,0.531655622454183,0.7198694741989119,0,0,1.3482897105664036,0.8517945980727755,NR2F2
GO_Molecular_Function_2023,Kinesin Binding (GO:0019894),1/31,0.5433583388350804,0.725129293913003,0,0,1.3032797858099063,0.7949827525215867,KIF18B
GO_Molecular_Function_2023,O-acyltransferase Activity (GO:0008374),1/31,0.5433583388350804,0.725129293913003,0,0,1.3032797858099063,0.7949827525215867,GPAT3
GO_Molecular_Function_2023,SH2 Domain Binding (GO:0042169),1/31,0.5433583388350804,0.725129293913003,0,0,1.3032797858099063,0.7949827525215867,AFAP1
GO_Molecular_Function_2023,snoRNA Binding (GO:0030515),1/31,0.5433583388350804,0.725129293913003,0,0,1.3032797858099063,0.7949827525215867,IGF2BP3
GO_Molecular_Function_2023,Nuclear Receptor Binding (GO:0016922),3/115,0.5500298433977507,0.7293487373112602,0,0,1.0470730126728112,0.625922176070926,STAT1;TGFB1I1;CALR
GO_Molecular_Function_2023,Tubulin Binding (GO:0015631),8/322,0.5547314972400297,0.7293487373112602,0,0,0.9956023713466604,0.5866796757092841,CENPE;KIF18B;BIRC5;KIF2C;BRCA2;SKA1;SPC24;KIF15
GO_Molecular_Function_2023,Ubiquitin Conjugating Enzyme Activity (GO:0061631),1/32,0.5547692049322223,0.7293487373112602,0,0,1.2611737271667314,0.7430874680368388,UBE2C
GO_Molecular_Function_2023,Protein Serine/Threonine Kinase Inhibitor Activity (GO:0030291),1/32,0.5547692049322223,0.7293487373112602,0,0,1.2611737271667314,0.7430874680368388,CDKN1A
GO_Molecular_Function_2023,Small GTPase Binding (GO:0031267),5/199,0.556349575900503,0.7293487373112602,0,0,1.007293710088067,0.5906351772000106,PLEKHG2;CAV1;CDC42EP3;RCC1;BIRC5
GO_Molecular_Function_2023,Frizzled Binding (GO:0005109),1/33,0.5658954848618294,0.7366569294166271,0,0,1.221699297188755,0.6955694535746605,WNT5A
GO_Molecular_Function_2023,Transition Metal Ion Transmembrane Transporter Activity (GO:0046915),1/33,0.5658954848618294,0.7366569294166271,0,0,1.221699297188755,0.6955694535746605,SLC39A14
GO_Molecular_Function_2023,G Protein-Coupled Peptide Receptor Activity (GO:0008528),2/77,0.5759972803565592,0.7403879629781087,0,0,1.0423071763916834,0.5749911927516476,OXTR;LTB4R2
GO_Molecular_Function_2023,Transcription Coactivator Binding (GO:0001223),1/34,0.5767442622659661,0.7403879629781087,0,0,1.1846172569064135,0.6519616064015435,STAT1
GO_Molecular_Function_2023,Transmitter-Gated Monoatomic Ion Channel Activity Involved In Regulation Of Postsynaptic Membrane Potential (GO:1904315),1/34,0.5767442622659661,0.7403879629781087,0,0,1.1846172569064135,0.6519616064015435,CHRNA5
GO_Molecular_Function_2023,Solute:Sodium Symporter Activity (GO:0015370),1/34,0.5767442622659661,0.7403879629781087,0,0,1.1846172569064135,0.6519616064015435,SLC28A3
GO_Molecular_Function_2023,Ubiquitin-Like Protein Conjugating Enzyme Activity (GO:0061650),1/35,0.5873224448299629,0.7487856599034921,0,0,1.1497165131112683,0.6118576288181454,UBE2C
GO_Molecular_Function_2023,Inorganic Cation Transmembrane Transporter Activity (GO:0022890),1/35,0.5873224448299629,0.7487856599034921,0,0,1.1497165131112683,0.6118576288181454,ATP6V1B1
GO_Molecular_Function_2023,Amyloid-Beta Binding (GO:0001540),2/79,0.5899898903754623,0.7496104429085498,0,0,1.015129739475816,0.5356330823622911,TGFB2;CD36
GO_Molecular_Function_2023,Ubiquitin Binding (GO:0043130),2/80,0.596856406413307,0.7516042073161028,0,0,1.002063664035495,0.5171437328847371,TOP2A;CKS2
GO_Molecular_Function_2023,"Phosphatidylinositol-3,4,5-Trisphosphate Binding (GO:0005547)",1/36,0.5976367686206209,0.7516042073161028,0,0,1.116810097532989,0.5749027014476435,JPH2
GO_Molecular_Function_2023,Protein Kinase C Binding (GO:0005080),1/36,0.5976367686206209,0.7516042073161028,0,0,1.116810097532989,0.5749027014476435,TOP2A
GO_Molecular_Function_2023,Monoatomic Cation Transmembrane Transporter Activity (GO:0008324),1/37,0.607693802400194,0.7616702726029458,0,0,1.085731816153503,0.5407857961233262,ATP6V1B1
GO_Molecular_Function_2023,Chromatin DNA Binding (GO:0031490),2/83,0.6169367397529046,0.7706516176711368,0,0,0.9648011525945798,0.4659881404107642,RCC1;HMGA2
GO_Molecular_Function_2023,Phosphotyrosine Residue Binding (GO:0001784),1/39,0.627061462527919,0.7806704785163018,0,0,1.0284823504544494,0.4800037349897191,PFN1
GO_Molecular_Function_2023,Phosphatidylinositol-3-Phosphate Binding (GO:0032266),1/40,0.6363844264214737,0.7896274990045712,0,0,1.0020595201318092,0.452883259363842,JPH2
GO_Molecular_Function_2023,Neutral L-amino Acid Transmembrane Transporter Activity (GO:0015175),1/41,0.6454747830319615,0.7982371483495256,0,0,0.9769578313253012,0.4276819849944524,SLC38A2
GO_Molecular_Function_2023,Transcription Corepressor Binding (GO:0001222),1/42,0.6543383244988259,0.8038394648644517,0,0,0.9530806151435008,0.4042307918597343,STAT1
GO_Molecular_Function_2023,Promoter-Specific Chromatin Binding (GO:1990841),1/42,0.6543383244988259,0.8038394648644517,0,0,0.9530806151435008,0.4042307918597343,STAT1
GO_Molecular_Function_2023,Transcription Regulatory Region Nucleic Acid Binding (GO:0001067),5/224,0.6605560397042289,0.8087996393738249,0,0,0.891150426117982,0.3695363006955157,YAP1;TFAP2A;CREB3L1;HMGA2;RUNX1
GO_Molecular_Function_2023,GTPase Binding (GO:0051020),5/225,0.6643787970617893,0.8108043872036967,0,0,0.8870537357379462,0.3627187693009648,PLEKHG2;CAV1;CDC42EP3;RCC1;BIRC5
GO_Molecular_Function_2023,CCR Chemokine Receptor Binding (GO:0048020),1/44,0.6714074145685438,0.8113750840551458,0,0,0.9086578873634072,0.3619903577652832,NES
GO_Molecular_Function_2023,Kinase Activator Activity (GO:0019209),1/44,0.6714074145685438,0.8113750840551458,0,0,0.9086578873634072,0.3619903577652832,MAP3K20
GO_Molecular_Function_2023,Phosphoric Diester Hydrolase Activity (GO:0008081),1/44,0.6714074145685438,0.8113750840551458,0,0,0.9086578873634072,0.3619903577652832,ENPP1
GO_Molecular_Function_2023,Potassium Channel Regulator Activity (GO:0015459),1/45,0.6796238418937326,0.8159884962542874,0,0,0.8879609346476817,0.3429445494519652,KCNE4
GO_Molecular_Function_2023,Protein Phosphorylated Amino Acid Binding (GO:0045309),1/45,0.6796238418937326,0.8159884962542874,0,0,0.8879609346476817,0.3429445494519652,PFN1
GO_Molecular_Function_2023,G Protein-Coupled Receptor Binding (GO:0001664),3/140,0.6823189708843499,0.8165817361228833,0,0,0.8548975747586531,0.3267914638322214,WNT5A;AGTR1;ADM
GO_Molecular_Function_2023,rRNA Binding (GO:0019843),1/46,0.6876352184737552,0.8173502155934783,0,0,0.8681838464970995,0.3251320613547387,MAP3K20
GO_Molecular_Function_2023,Exonuclease Activity (GO:0004527),1/46,0.6876352184737552,0.8173502155934783,0,0,0.8681838464970995,0.3251320613547387,ENPP1
GO_Molecular_Function_2023,"Oxidoreductase Activity, Acting On The CH-OH Group Of Donors, NAD Or NADP As Acceptor (GO:0016616)",2/95,0.6895703975222607,0.8173502155934783,0,0,0.8397914367927998,0.3121391294420575,UGDH;AKR1B10
GO_Molecular_Function_2023,Manganese Ion Binding (GO:0030145),1/48,0.70306312169229,0.8306892297701899,0,0,0.8311544048534564,0.2928228465582775,FAM20C
GO_Molecular_Function_2023,Transcription Coregulator Binding (GO:0001221),2/99,0.7111289165173832,0.8349013545188265,0,0,0.8049949179613765,0.2744240140125135,STAT1;TWIST1
GO_Molecular_Function_2023,Histone Deacetylase Binding (GO:0042826),2/99,0.7111289165173832,0.8349013545188265,0,0,0.8049949179613765,0.2744240140125135,CCND1;TWIST1
GO_Molecular_Function_2023,DNA Binding (GO:0003677),19/846,0.7141550165599985,0.8358091834187995,0,0,0.8938079403466345,0.3009051178936744,TOP2A;TFAP2A;OSR2;POLQ;TFAP2C;STAT1;APLP2;HMGA2;MCM10;NR2F2;AHR;BRCA2;RAD51AP1;NEIL3;IGF2BP1;NABP1;CALR;CLSPN;TEAD1
GO_Molecular_Function_2023,E-box Binding (GO:0070888),1/51,0.7247907172134752,0.8455891700823878,0,0,0.7811646586345381,0.2514352901256561,TWIST1
GO_Molecular_Function_2023,Phosphoric Ester Hydrolase Activity (GO:0042578),1/52,0.7316747071553329,0.850944565375011,0,0,0.7658083313646744,0.2392532667671588,ENPP1
GO_Molecular_Function_2023,Polyubiquitin Modification-Dependent Protein Binding (GO:0031593),1/53,0.7383868385846662,0.8560672409840975,0,0,0.7510426320667285,0.2277817823304471,DEPDC1B
GO_Molecular_Function_2023,Guanyl-Nucleotide Exchange Factor Activity (GO:0005085),4/203,0.7489533636010887,0.8656127660311648,0,0,0.7837977767626009,0.2265791344314693,ARF4;BMP1;PLEKHG2;RCC1
GO_Molecular_Function_2023,Protein Serine/Threonine Phosphatase Activity (GO:0004722),1/55,0.7513125476348684,0.865642717927131,0,0,0.7231518667261639,0.2067733721370738,CDKN3
GO_Molecular_Function_2023,Iron Ion Binding (GO:0005506),1/56,0.7575343725314059,0.8674236179294802,0,0,0.7099671412924425,0.1971481956926864,AOX1
GO_Molecular_Function_2023,Amino Acid Transmembrane Transporter Activity (GO:0015171),1/56,0.7575343725314059,0.8674236179294802,0,0,0.7099671412924425,0.1971481956926864,SLC38A2
GO_Molecular_Function_2023,"DNA-binding Transcription Activator Activity, RNA Polymerase II-specific (GO:0001228)",7/348,0.7685415972039212,0.8742553940664919,0,0,0.7994182581121999,0.2104553220330531,TFAP2A;KLF10;OSR2;TFAP2C;PRRX1;CREB3L1;RUNX1
GO_Molecular_Function_2023,Nuclease Activity (GO:0004518),1/58,0.7695158178272834,0.8742553940664919,0,0,0.6849855562601282,0.1794619482346545,ENPP1
GO_Molecular_Function_2023,Phosphatase Binding (GO:0019902),2/112,0.7726801739242914,0.8742553940664919,0,0,0.7093835741723066,0.182942974316519,SH2D4A;HSP90B1
GO_Molecular_Function_2023,Carboxylic Acid Transmembrane Transporter Activity (GO:0046943),1/59,0.7752830853042475,0.8742553940664919,0,0,0.6731408392189447,0.1713325486508593,SLC38A2
GO_Molecular_Function_2023,Receptor Tyrosine Kinase Binding (GO:0030971),1/59,0.7752830853042475,0.8742553940664919,0,0,0.6731408392189447,0.1713325486508593,ANGPT1
GO_Molecular_Function_2023,UDP-glycosyltransferase Activity (GO:0008194),1/61,0.7863891198039291,0.8840920104462355,0,0,0.6506358768406961,0.1563501081596268,POGLUT3
GO_Molecular_Function_2023,PDZ Domain Binding (GO:0030165),1/62,0.7917349773290154,0.8857277817418319,0,0,0.639936796365791,0.149443523506842,GNG12
GO_Molecular_Function_2023,Sequence-Specific DNA Binding (GO:0043565),15/717,0.792618931370049,0.8857277817418319,0,0,0.8299339549339549,0.1928872023764997,KLF10;TFAP2A;OSR2;TFAP2C;NR2F2;AHR;FOSL1;TBX15;SIX4;CREB3L1;HES2;TEAD1;PITX1;NKX3-2;E2F7
GO_Molecular_Function_2023,L-amino Acid Transmembrane Transporter Activity (GO:0015179),1/63,0.7969473087674392,0.887890244903063,0,0,0.6295828475191086,0.1428943503049534,SLC38A2
GO_Molecular_Function_2023,"Acyltransferase Activity, Transferring Groups Other Than Amino-Acyl Groups (GO:0016747)",1/64,0.802029442690977,0.8908770156836899,0,0,0.6195575954612099,0.1366805764792276,ESCO2
GO_Molecular_Function_2023,Ubiquitin Protein Ligase Binding (GO:0031625),5/271,0.809504578397774,0.8964961151808184,0,0,0.7319031384128337,0.1546751761985827,CDKN1A;TRIB3;CALR;VCL;ACTG1
GO_Molecular_Function_2023,Guanyl Ribonucleotide Binding (GO:0032561),4/226,0.8186392412819615,0.9039141622488326,0,0,0.7017563017563018,0.1404297019738995,ARF4;ANXA6;PDE5A;RND3
GO_Molecular_Function_2023,Methylation-Dependent Protein Binding (GO:0140034),1/68,0.8211197204007441,0.9039626595509674,0,0,0.5824491997842115,0.1147927912169358,NCAPG2
GO_Molecular_Function_2023,Methylated Histone Binding (GO:0035064),1/71,0.8342215710219,0.914485110258795,0,0,0.5574010327022375,0.1010324149249518,NCAPG2
GO_Molecular_Function_2023,mRNA Binding (GO:0003729),5/282,0.8356076883496806,0.914485110258795,0,0,0.7024364577091159,0.1261548120209245,PKM;IGF2BP1;IGF2BP3;CALR;IGF2BP2
GO_Molecular_Function_2023,ATPase Binding (GO:0051117),1/73,0.8424195720747036,0.9192284154109264,0,0,0.5418618920124945,0.0929168975660685,CAV1
GO_Molecular_Function_2023,Ligand-Gated Monoatomic Cation Channel Activity (GO:0099094),1/75,0.8502129361466166,0.9250117281829758,0,0,0.5271627048735482,0.0855418738353591,CHRNA5
GO_Molecular_Function_2023,Cytokine Receptor Activity (GO:0004896),1/76,0.8539641476060756,0.926376312169164,0,0,0.520107095046854,0.082107261930308,CD44
GO_Molecular_Function_2023,"Phosphotransferase Activity, Alcohol Group As Acceptor (GO:0016773)",1/77,0.8576215973148825,0.9276315236263016,0,0,0.5132371591629676,0.0788292785679761,PKM
GO_Molecular_Function_2023,Voltage-Gated Potassium Channel Activity (GO:0005249),1/80,0.8680544760727233,0.9361866587877335,0,0,0.4936708860759494,0.0698548281988496,KCNE4
GO_Molecular_Function_2023,Phosphatase Activity (GO:0016791),1/83,0.8777242858210957,0.9421849673558248,0,0,0.4755362915074934,0.0620207555824254,ENPP1
GO_Molecular_Function_2023,GTP Binding (GO:0005525),3/201,0.8810100097923242,0.9421849673558248,0,0,0.5896566471163245,0.0747014137386142,ARF4;ANXA6;RND3
GO_Molecular_Function_2023,Protein Tyrosine Kinase Binding (GO:1990782),1/85,0.8837745785440082,0.9421849673558248,0,0,0.4641661885637789,0.0573492413738885,ANGPT1
GO_Molecular_Function_2023,Ribosome Binding (GO:0043022),1/85,0.8837745785440082,0.9421849673558248,0,0,0.4641661885637789,0.0573492413738885,MAP3K20
GO_Molecular_Function_2023,Heme Binding (GO:0020037),1/87,0.8895260631263306,0.9455993393119448,0,0,0.4533249276174465,0.0530691496886755,PXDN
GO_Molecular_Function_2023,GTPase Activator Activity (GO:0005096),3/211,0.9000757181045428,0.9513627741589876,0,0,0.5610169820099256,0.059061841455493,SYDE1;ARHGAP11B;SEC23A
GO_Molecular_Function_2023,GTPase Activity (GO:0003924),4/265,0.9000763712393656,0.9513627741589876,0,0,0.5956886876427107,0.0627115211313011,ARF4;RAB23;ENTPD7;RND3
GO_Molecular_Function_2023,GTPase Regulator Activity (GO:0030695),7/424,0.907563542257533,0.954045348513266,0,0,0.6511278781852566,0.0631539973989415,ARF4;ARHGAP11B;SYDE1;SEC23A;PLEKHG2;BMP1;RCC1
GO_Molecular_Function_2023,Ribonucleoside Triphosphate Phosphatase Activity (GO:0017111),4/270,0.9077574340301426,0.954045348513266,0,0,0.5843396369712159,0.0565512676714884,ARF4;RAB23;ENTPD7;RND3
GO_Molecular_Function_2023,Hexosyltransferase Activity (GO:0016758),1/96,0.9120883284001292,0.9558891803289488,0,0,0.4101881209046713,0.0377448719280892,POGLUT3
GO_Molecular_Function_2023,ATP Binding (GO:0005524),4/279,0.920273332617652,0.9617504405666166,0,0,0.564951331496786,0.0469387285014403,ATP10D;MAP3K20;PGK1;ENPP1
GO_Molecular_Function_2023,Phosphatidylinositol Binding (GO:0035091),1/106,0.9318043046832324,0.9708265867850916,0,0,0.3709313444253203,0.026199793295906,APLP2
GO_Molecular_Function_2023,RNA Polymerase II Cis-Regulatory Region Sequence-Specific DNA Binding (GO:0000978),21/1122,0.935152431081156,0.9708265867850916,0,0,0.7342127164730428,0.0492258312859883,KLF10;TEAD4;TFAP2A;TFAP2C;PRRX1;STAT1;TWIST1;HMGA2;NR2F2;AHR;RUNX1;FOSL1;TBX15;SIX4;CREB3L1;HES2;TEAD1;PITX1;NKX3-2;E2F7;TEAD3
GO_Molecular_Function_2023,Phosphatidylinositol Phosphate Binding (GO:1901981),1/109,0.9368084044988216,0.9708265867850916,0,0,0.3605719172988249,0.0235368710437435,JPH2
GO_Molecular_Function_2023,Deubiquitinase Activity (GO:0101005),1/113,0.9429150769642652,0.9719417154620156,0,0,0.3476226333907057,0.0204329304593255,DEPDC1B
GO_Molecular_Function_2023,"DNA-binding Transcription Repressor Activity, RNA Polymerase II-specific (GO:0001227)",3/243,0.9439784372789886,0.9719417154620156,0,0,0.4854082661290322,0.0279847354975359,TFAP2A;TFAP2C;CREB3L1
GO_Molecular_Function_2023,Protein Phosphatase Binding (GO:0019903),1/115,0.9457438255573792,0.9719417154620156,0,0,0.3414887620658071,0.0190494534219654,HSP90B1
GO_Molecular_Function_2023,G Protein-Coupled Receptor Activity (GO:0004930),3/250,0.9508175752414496,0.9727110105472542,0,0,0.4714803447825519,0.0237781960357791,PDGFRB;LTB4R2;MRGPRF
GO_Molecular_Function_2023,Adenyl Ribonucleotide Binding (GO:0032559),4/309,0.9517361100502784,0.9727110105472542,0,0,0.5085875144891538,0.0251585416544848,ATP10D;MAP3K20;PGK1;ENPP1
GO_Molecular_Function_2023,Purine Ribonucleoside Triphosphate Binding (GO:0035639),7/476,0.9547563239919852,0.9731170225302926,0,0,0.5773571168547507,0.0267311317381874,ARF4;ATP10D;ANXA6;MAP3K20;PGK1;ENPP1;RND3
GO_Molecular_Function_2023,RNA Binding (GO:0003723),25/1411,0.9755363704818492,0.9915725847911396,0,0,0.6893452304844709,0.0170735893924403,TOP2A;TFRC;COL14A1;HSP90B1;RAD51AP1;GANAB;SERPINH1;IGF2BP1;MAP3K20;IGF2BP3;IGF2BP2;ANXA2;ACTN1;FNDC3B;TENT5A;CKAP4;PKM;LTB4R2;CANX;VIM;P4HB;CALR;PFN1;PPIB;PLEC
GO_Molecular_Function_2023,Cis-Regulatory Region Sequence-Specific DNA Binding (GO:0000987),18/1098,0.9807066847618032,0.9941043170672924,0,0,0.6382882882882883,0.0124350432574166,KLF10;TEAD4;TFAP2A;TFAP2C;PRRX1;STAT1;NR2F2;AHR;RUNX1;FOSL1;TBX15;SIX4;HES2;TEAD1;PITX1;NKX3-2;E2F7;TEAD3
GO_Molecular_Function_2023,Ubiquitin-Like Protein Transferase Activity (GO:0019787),2/240,0.9838252550919058,0.9945481461555776,0,0,0.3257021118306477,0.0053112191227763,TRIM5;UBE2C
GO_Molecular_Function_2023,RNA Polymerase II Transcription Regulatory Region Sequence-Specific DNA Binding (GO:0000977),19/1225,0.9921990422355056,0.9996788893576302,0,0,0.6004785102266446,0.0047026741197546,KLF10;TEAD4;TFAP2A;OSR2;TFAP2C;PRRX1;STAT1;TWIST1;NR2F2;RUNX1;FOSL1;TBX15;SIX4;HES2;TEAD1;PITX1;NKX3-2;E2F7;TEAD3
GO_Molecular_Function_2023,Ubiquitin Protein Ligase Activity (GO:0061630),2/311,0.9966956991790128,0.9996788893576302,0,0,0.2499397680581873,0.0008272436656817126,TRIM5;UBE2C
GO_Molecular_Function_2023,Ubiquitin-Like Protein Ligase Activity (GO:0061659),2/319,0.99724609482817,0.9996788893576302,0,0,0.2435305841357292,0.0006715853012944457,TRIM5;UBE2C
GO_Molecular_Function_2023,Ubiquitin-Protein Transferase Activity (GO:0004842),2/412,0.9996788893576302,0.9996788893576302,0,0,0.1873779260931442,6.017870874278699e-05,TRIM5;UBE2C
